name,school
Marcos,Deutsche Hochschule für Verwaltungswissenschaften Speyer
Huntington,Fachhochschule Augsburg
Lawry,Central China Normal University
Georgie,
Del,Universidad Autónoma del Carmen
Morganica,Universidad Surcolombiana
Rollins,"American University Extension, Okinawa"
Jessamine,
Talbert,Central State University
Mendy,University of Arkansas (System)
Rosemaria,Shuchiin College
Dion,Universidad Veritas
Kyla,Mount Vernon Nazarene College
Engracia,University of Tripoli
Lew,Dr. Panjabrao Deshmukh Krishi Vidyapeeth
Gretchen,American International University - Bangladesh
Nickie,Kamchatka State University Vitus Bering
Guilbert,Fachhochschule Münster
Hayward,Dankook University
Fax,Kyungnam University
Frannie,University of Engineering and Technology Peshawar
Inez,Christchurch Polytechnic Institute of Technology
Cathleen,Audrey Cohen College
Shadow,"DeVry Institute of Technology, Chicago"
Nessie,American University of Paris
Gretta,Elisabeth University of Music
Norbert,Omdurman Ahlia University
Christoforo,Dongseo University
Ryann,Culver-Stockton College
Kayley,Universidade Federal de Santa Catarina
Marylynne,Antioch University Los Angeles
Ann-marie,Silesian University
Pablo,Harbin Normal University
Jesse,Pace University  Pleasantville/Briarcliff
Gelya,Tokyo University of Mercantile Marine
Eberhard,Université Cheikh Anta Diop
Lorrin,Jimma University
Farah,Eiilm University
Jamill,Kabul University
Kennan,Universidad Católica San Antonio
Desdemona,Winston-Salem State University
Charita,Galillee College
Leslie,Universidade Estadual de Montes Claros
Ulrika,Bayero University Kano
Melany,
Annice,Technical University of Civil Engineering Bucharest
Cory,Arab Open University
Mahmoud,United Nations University
Shani,Ross University Caribbean School of Medicine
Kristi,Sistan & Balouchestan University
Pietra,University of Alabama - Huntsville
Tracee,Technological University (Monywa)
Emile,Kashan University of Medical Sciences
Derby,Universidad Central
Del,"Veliko Turnovo University ""Cyril and Methodius"""
Ignacio,
Dunc,Universidad Sergio Arboleda
Amanda,Bryn Mawr College
Callida,Chinese People's Public Security University
Bartholemy,Karel De Grote Hogeschool
Vivian,Al-hikmah University
Cammy,Uzima University College 
Fina,University of Leeds
Marve,University Medical School of Pécs
Riccardo,Hirosaki Gakuin University
Arne,Palm Beach State College
Irving,Universidad de Granada
Gerhardt,Manila Central University
Saudra,Tsinghua University
Heath,Escuela Bancaria y Comercial
Gerri,Heartland Baptist Bible College
Cissiee,Douglas College
Em,Mar Athanasios College for Advanced Studies
Warner,Cosmopolitan University
Rikki,Indiana University - Southeast
Jens,Sardarkrushinagar Dantiwada Agricultural University
Vinni,Holy Apostles College
Dody,University of the Gambia
Orbadiah,Aichi Shukutoku University
Danit,Chung Yuan Christian University
Erie,"City University of New York, Medgar Evers College"
Eustacia,University of Texas Medical Branch Galveston
Calla,Kagoshima Immaculate Heart University
Auguste,Urmia University of Technology
Emmalynne,Ivano-Frankivsk National University of Oli and Gas
Ambrosi,"Arts, Sciences and Technology University"
Valera,Trinity University School of Medicine
Marie,Tianjin Academy of Fine Art
Stanford,St. Lawrence University
Fax,Embry-Riddle Aeronautical University
Jarrod,Adventist University of Central Africa
Rosco,Alma College
Salvador,Hokkaido Institute of Pharmaceutical Sciences
Daven,Universidad Latina
Janella,Udmurt State University
Renault,"Donghua University, Shanghai"
Nico,American University of Kuwait 
Harri,Oklahoma State University Center for Health Sciences
Pincas,Burdwan University
Germayne,Kingston College
Cindie,Universidad Alberto Hurtado
Nichole,Escuela de Administración de Negocios
Brandtr,University of Wisconsin - Whitewater
Kirby,Northwestern College St. Paul
Judye,
Alis,Tiffin University
Marcelline,"Pedagogical State University ""Ion Creanga"""
Konrad,Valparaiso University
Ekaterina,Ilam University of Medical Sciences
Barnard,
Aida,Illinois State University
Cary,Schreiner College
Hally,Universität Hildesheim
Tersina,Ludwik Solski State Academy of Theatre in Cracow
Annabell,Kitakyushu University
Tansy,American Conservatory Theater
Mireille,Sultan Ismail Petra International Islamic College
Iver,Sekolah Tinggi Akuntansi Negara (STAN)
Rosina,Faculdades Integradas UPIS
Yalonda,Universidade do Amazonas
Barnard,University of Central Missouri
Gwenneth,International University of Africa (IUA)
Whitby,ISFORT - Institut de Formation en Technologie Alimentaire
Sergio,Biysk State Padagogical University after V.M. Shukshin 
Alecia,St. Petersburg State Technical University
Eydie,University of Arkansas at Monticello
Del,Universiti Kuala Lumpur
Dallas,Kuwait University
Germain,Universidad Iberoamericana de Ciencias y Tecnologia
Morty,Ecole des Hautes Etudes Commerciales
Kendre,Northeastern State University
Ron,Nagoya University of Foreign Studies
Tatiana,Iranian Academy of Persian Language and Literature
Vonni,Norfolk State University
Jamill,Meru University of Science and Technology
Yance,Seoul National University of Education
Alidia,Instituto Superior de Psicologia Aplicada
Bethina,Alabama State University
Stephen,French University in Armenia (UFAR)
Worthington,Linguistic University of Nizhny Novgorod
Vanya,Alice-Salomon-Fachhochschule für Sozialarbeit und Sozialpädagogik Berlin
Kalil,Pontifica Università Gregoriana
Kippy,Wuxi University of Light Industry
Marnie,École des Hautes Études Commerciales
Ronnie,Université du Québec à Rimouski
Heidi,International University of Business Agriculture and Technology
Agathe,Mid-America Nazarene University
Shay,Pannnasatra University of Cambodia
Veronika,Tianjin Medical University
Ulises,Yangtze University
Giulietta,International Business School of Scandinavia
Tanya,Teikyo University of Science and Technology
Wren,Facultés Universitaires Notre-Dame de la Paix
Josephina,Universidade Católica de Angola
Rodrigo,Ecole Centrale de Lille
Brand,Saint Ferdinand College
Rhett,University of Gastronomic Sciences
Durand,"Rutgers, The State University of New Jersey - Camden"
Helga,Hamdard University
Rozalin,University of Tennessee - Knoxville
Kathe,Beijing University of Science and Technology
Ade,Ukrainian National Forestry University
Jonah,University of Anbar
Inessa,Free University of Bozen
Brucie,Universidad Nacional del Noroeste de la Provincia de Buenos Aires
Wenona,Maranatha Baptist Bible College
Hayden,University of Brescia
Lucretia,Xinjiang University
Edyth,"Universidad Centroamericana ""José Simeón Canas"""
Nanny,Universitas Hasanuddin
Rorke,Near East University
Margarete,Université Chrétienne du Nord d'Haiti
Magdaia,Universidad Nacional de Santa - Chimbote
Spense,Textile Institute of Pakistan
Ase,Catholic University in Ruzomberok
Antony,Kurashiki University of Science and the Arts
Callie,Universidad de Especialidades del Espíritu Santo
Chelsea,Gansu Agricultural University
Marie-ann,Regent University College of Science and Technology  
Chic,University of Western Ontario
Arther,College of the Holy Cross
Eula,Sapporo University
Umberto,Okayama Shoka University
Kitti,Kharkiv National University of Economics
Isaak,California School of Professional Psychology - San Diego
Eduino,University of Minnesota - Morris
Rabi,Higashi Nippon International University
Moselle,Xinjiang University
Pincas,Université Sorbonne-Nouvelle (Paris III)
Selene,University of Jan Evangelista Purkyne
Kennie,Yaroslavl State Pedagogical University
Alonso,Prague College
Kathlin,Ecole Supérieure de Commerce de Toulouse
Lorelei,Staffordshire University
Roland,Mogilev State University A.A. Kuleshov
Dee dee,Gifu Pharmaceutical University
Iseabal,International Hotel Management Institute
Gisella,"Islamic Azad University, Tehran Science & Research Branch"
Ilyssa,University of Berne
Lisa,Gifu Women's University
Willetta,University of Northumbria at Newcastle
Klarika,Europa Fachhochschule Fresenius
Even,"Islamic Azad University, Shabestar"
Elizabeth,Universidad del Mar
Dasi,
Josephine,Sanaag University of Science and Technology
Veronike,University of Wisconsin - Whitewater
Wilma,University of South Carolina - Salkehatchie
Fanny,Pacific University
Stillman,Taegu National University of Education
Moselle,"Universidad Nacional de La Libertad, Trujillo"
Agata,Hadhramout University of Science and Technology 
Margery,Oman College Of Management & Technology
Adriano,South East European University
Julia,State University of New York College of Environmental Science and Forestry
Karee,Universität Ulm
Christoph,Tianjin Open University
Aila,East-West University
Parrnell,Iowa Wesleyan College
Evaleen,Universidad Técnica del Norte
Bidget,Gift University
Levi,
Markos,Universitas Merdeka Malang
Robb,Michigan State University
Mattheus,Freie Universität Berlin
Cate,University of North Texas Health Science Center at Fort Worth
Doyle,Technological University of Podillya
Rodi,Guilan University
Averil,Aleksander Zelwerowicz State Theatre Academy
Enrique,Shanghai City College
Jere,Central Queensland University
Wat,American Business & Technology University
Wyatan,Fine Arts Academy in Gdansk
Colman,"Balti State University ""Alecu Russo"""
Marla,University of Texas at Brownsville
Gardie,New York Institute of Technology
Zorine,"International University of Fundamental Studies, St. Petersburg"
Loise,Bangladesh University
Charley,University of Thessaly
Dacy,Universitas Islam Riau
Tessi,Grodno State University Yanka Kupaly
Lion,Universidad de Murcia
Bertrando,Hakuoh University
Moise,LSB College
Kaine,
Trevar,Emanuel University
Amory,
Kimberlyn,Barnard College - Columbia University
Ailina,Al Hussein Bin Talal University
Winnifred,Universitas Wijaya Kusuma Surabaya
Hoyt,Ambassador University
Rusty,Institute of Commerce and Business
Wilma,Al Mansour University College
Benedict,University of Oklahoma
Corrianne,Universidad de la Tercera Edad
Analise,"South-West University ""Neofit Rilski"""
Gianni,"Webster University, Thailand"
Robert,Universidad Mariano Egaña
Patricio,ENIC Telecom Lille 1
Rockwell,Kongju National University of Education
Grange,B. S. Abdur Rahman University
Terrell,Thunderbird School of Global Management
Hilary,Lincoln University San Francisco
Alanson,Hokkaigakuen University
Sayre,New Mexico Institute of Mining and Technology
Far,Instituto Superior de Entre Douro e Vouga
Alasdair,University of Commerce Luigi Bocconi
Margarethe,British Royal University
Mariana,Southern Ural State University
Diarmid,Ramkhamhaeng University
Loria,University of Ontario Institute of Technology
Danika,Aoyama Gakuin University
Tonie,Dongguk University
Audie,Royal lnstitute of Technology
Orrin,Wagner College
Philippine,Ecole Superieure des Télécommunications
Lenka,Western Governors University
Chane,Oklahoma State University - Oklahoma City
Hedy,University of Thessaly
Colene,University of Ghana
Mendel,University of Primorska
Sumner,Pontificia Universidad Católica del Ecuador
Tiler,Koya University (Kurdistan Region)
Douglas,Nanjing University of Economics
Darla,Ecole Nationale de la Météorologie
Lorelle,
Tildi,
Mollie,Université d'Alger
Germaine,Ouachita Baptist University
Lory,Technological University (Mandalay)
Rufe,Babol University of Medical Sciences
Wanda,University of Siena
Berget,Petro Mohyla Black Sea State University
Terra,Chongju University
Hoebart,Türkisch-Deutsche Universität
Madel,Saint Paul University
Kalila,Seoul National University of Education
Glen,St. Petersburg State University of Telecommunication
Janel,Lviv Medical University
Davin,Pratt Institute
Birgit,Bashkir State Pedagogical University named After M. Akmullah
Nana,University of Michigan - Dearborn
Mathew,Hokusei Gakuen University
Milton,Japanese Red Cross College of Nursing
Gawen,Ecole Supérieure de Commerce de Le Havre/Caen
Julie,Vesalius College
Ermin,"Free University Institute ""Carlo Cattaneo"""
Kenton,Periyar University
Camilla,Cyprus International Institute of Management (CIIM)
Sandro,Zhejiang Sci-Tech University 
Mayor,Ashland University
Etan,Claremont McKenna College
Madison,Osaka University
Eb,University of New Orleans
Kasper,Vennard College
Fredrika,Tashkent Medical Academy
Frieda,
Theodoric,Wollo University
Benedicta,University of Oslo
Johnna,Biola University
Donnie,Universitas Pancasila
Damara,Kursk State University
Ardene,
Alysia,University of Sindh
Margaux,Intercollege
Adrea,Sri Sathya Sai Institute of Higher Learning
Bernadine,College of the Rockies
Sherwin,University of Abuja
Isidore,Swinburne University of Technology
Husain,Kyoto Gakuen University
Kin,Universidad Empresarial Mateo Kuljis
Kerstin,Zhejiang Forestry University
Sheff,Ufa State Aviation Technical University
Ruperta,University of Novi Sad
Carleen,Merrimack College
Rheba,Case Western Reserve University
Evin,University of Lausanne
Ron,Shivaji University
Warren,Hyogo College of Medicine
Catha,"Islamic Azad University, Mashhad"
Winifred,Universidade Católica de Santos
Collie,Beijing Language and Culture University
Alayne,Universität Graz
Jeannette,Fundación Universitaria Luis Amigó
Griffith,Illinois College of Optometry
Inger,University of Birmingham
Hephzibah,Moraine Valley Community College
Cello,Universidade Ibirapuera
Gilberta,Universidad Rafael Landívar
Brendis,Universidad Nacional de San Juan
Ingrid,West Suburban College of Nursing
Charity,The Robert Gordon University
Tim,Sinai University
Kelbee,Université de Monastir
Giulia,Konkan Agricultural University
Jordon,University Konstantina Filozov in Nitra
Siusan,Ferrum College
Bertina,Yashawantrao Chavan Maharashtra Open University
Carine,Ajou University
Shannon,Boston College
Helaine,
Phillida,Marylhurst University
Rochester,Vlerick Leuven Gent Management School
Meggy,Kirksville College of Osteopathic Medicine
Susy,University Centre of the Westfjords
Nealy,"Teachers College, Columbia University"
Falito,College of Technology at Riyadh
Gregorius,Nanjing University
Cleveland,University of Batangas
Nanon,University of Chieti
Kaleena,Kangnung National University
Keriann,Shaw University
Silvanus,Caribbean University
Carolyn,Brussels Management School (ICHEC)
Sandye,Universidade Federal de Alagoas
Cristionna,
Harmonie,St. Petersburg State Mountain Institut
Ronnie,Graduate School of Business Administration Zurich (GSBA Zurich)
Saunders,Lumbini Buddhist University
Daron,Guangdong Radio & TV University
Von,Salve Regina University
Philippe,Romanian-American University
Portia,Université de Gabès
Harp,"Indian Institute of Technology, Kharagpur"
Jasen,University of Reading
Ebba,Tunghai University
Stefanie,University College of the Cariboo
Andree,Athens State College
Margot,University of Jammu
Gussi,Universidad Autónoma Metropolitana
Halsey,People' s Friendship University of Russia
Lori,"American University of Hawaii, Punjab Campus"
Ezequiel,Internationle Akademie für Philosophie
Sylvan,University of Leicester
Michaelina,Tri-College University
Emanuel,Baiko Women's College
Trumaine,Florida Atlantic University
Alexei,Universidade Regional do Cariri
Gaile,Université de Kamina
Otho,Universidad de Málaga
Heath,Western Bible College
Marlon,Universidad Francisco de Aguirre
Georgianna,University of Texas at Tyler
Dugald,Corporación Universitaria Tecnológica de Bolivar
Audy,Magnitogorsk State University
Tomlin,Macon State College
Alisun,University of Fort Hare
Holly-anne,Feng Chia University
Dewitt,University of Liberia
Fidelio,Josai University
Mile,"University of Wales, Aberystwyth"
Camilla,George Mason University
Shandra,"University of the East, Manila"
Shena,Birzeit University
Pascale,National Taiwan College of Arts
Milo,Universidad Tecnológica Centroamericana
Con,Universiti Malaysia Sarawak
Penelope,Universidade Luterana do Brasil
Jeremiah,
Nixie,Myongji University
Allegra,Thaksin University
Barthel,Universidad de Costa Rica
Mohammed,Jönköping University College of Health Sciences
Annalise,Jumeira University
Carver,Pennsylvania State University - Berks-Lehigh Valley College
Petrina,University of Anbar
Collin,Shanghai Jiaotong University
Mar,Universitas Kristen Indonesia
Demetris,Eelo American University
Douglas,Al-Azhar University of Gaza
Quent,University of Central Lancashire
Herby,University of Medicine and Pharmacy of Cluj-Napoca
Dena,International University of Business Agriculture and Technology
Donall,Universidad de Cantabria
Saundra,University of the South Pacific
Yule,"Universidad de Puerto Rico, Mayaguez"
Celie,University of Ibadan
Dare,Darul Hikmah Islamic College
Mayer,Fachhochschule Worms
Willdon,Niger Delta University
Calli,
Jone,KDI School of Public Policy and Management
Carlin,Virginia Military Institute
Perkin,Université Chouaib Doukkali
Colly,Xi'an University of Technology
Wesley,Zhejiang University of Technology
Coop,Keiwa College
Lizabeth,Pennsylvania State University
Willard,La Salle University
Glenden,Valahia University of Targoviste
Fredrika,"Universidad Argentina ""John F. Kennedy"""
Gustaf,Fort Lewis College
Sylvester,Fachhochschule Neu-Ulm
Saraann,"City University of New York, Medgar Evers College"
Beverlee,Kosin University
Ogdon,University of Gezira
Cassie,University of Bologna
Ava,Sohar University
Spense,Al Madinah International University
Miriam,Philosophisch-Theologische Hochschule Sankt Georgen
Katie,Middle East Technical University
Taddeo,Karpagam University
Felicdad,Kent State University - East Liverpool
Raquel,Vikrama Simhapuri University
Fernande,College of Technology at Kharj
Claretta,Webster University
Heinrick,Fachhochschule Worms
Lucais,City University
Clemmie,International Centre for Isclamic Science
Liz,Hirosaki Gakuin University
Rica,Mozyr State Pedagogical Institute
Renata,Far Eastern State Technical Fisheries University
Em,Universidad Galileo
Tadeas,Madhya Pradesh Bhoj (Open) University
Luella,Universidad de Lambayeque
Winn,Instituto Superior D. Afonso III - INUAF
Yehudit,Floret Global University
Marleen,International University of Management
Carce,Universitas Bunda Mulia Jakarta
Roxy,University of Health and Science
Axel,Hofstra University
Carmelita,Arizona State University
Gale,China University of Political Science and Law
Nonnah,Université de Tunis El Manar
Branden,Université Chrétienne Bilingue du Congo
Cass,
Adair,Universidad Central del Valle del Cauca
Betsy,Henderson State Univerisity
Stavro,Universidade de Ribeirão Preto
Silvano,University of Texas at Brownsville
Leon,Cyberjaya University College of Medical Science
Taryn,"Fachhochschule Biberach, Hochschule für Bauwesen und Wirtschaft"
Orsola,Saitama Medical School
Kamilah,Liverpool John Moores University
Rivalee,Sokoine University of Agriculture
Cassandra,Chung-Ang University
Clementius,
Ulric,Temple University Japan
Katinka,Guru Ghasidas University
Lyn,Universidad Franco-Mexicana
